package,count
(require 'cl-lib),18901
(require 'org),12144
(require 'cl),11695
(require 'ob),11073
(require 'ert),7978
(require 'semantic),6684
(require 'easymenu),5821
(require 'comint),5255
(require 'eieio),4691
(require 'gnus),4446
(require 'font-lock),4272
(require 'quail),3991
(require 'helm),3839
(require 'dash),3650
(require 'calc-macs),3602
(require 'compile),3524
(require 'gnus-util),3418
(require 'erc),3371
(require 'calc-ext),3295
(require 'thingatpt),3294
(require 'org-compat),3282
(require 'org-macs),3268
(require 'shimbun),3019
(require 'url-parse),2921
(require 'format-spec),2696
(require 'company),2607
(require 'package),2512
(require 'ring),2399
(require 'message),2334
(require 'cc-mode),2329
(require 'python),2243
(require 'nnheader),2232
(require 'mm-util),2227
(require 'custom),2223
(require 'calendar),2190
(require 'nnoo),2187
(require 'gnus-sum),2044
(require 'mh-e),2022
(require 'ox),1978
(require 'gyp),1964
(require 'magit),1953
(require 'ede),1900
(require 'json),1874
(require 'dired),1849
(require 'nnmail),1799
(require 'button),1781
(require 'tramp),1693
(require 'slime),1629
(require 'etags),1619
(require 'ansi-color),1618
(require 'wid-edit),1611
(require 'url),1566
(require 'mm-decode),1562
(require 'gnus-art),1543
(require 'helm-help),1538
(require 'semantic/format),1504
(require 'outline),1495
(require 'imenu),1493
(require 'ob-eval),1457
(require 'ob-core),1419
(require 'url-util),1396
(require 'ecb-util),1374
(require 'pcomplete),1357
(require 'url-vars),1337
(require 'speedbar),1336
(require 'widget),1273
(require 'esh-util),1260
(require 's),1239
(require 'helm-utils),1234
(require 'auto-complete),1232
(require 'xml),1231
(require 'semantic/db),1219
(require 'haskell-mode),1201
(require 'semantic/analyze),1195
(require 'ewoc),1152
(require 'gnus-range),1151
(require 'eshell),1065
(require 'cider-client),1040
(require 'eieio-base),1037
(require 'find-func),1032
(require 'semantic/ctxt),1008
(require 'help-mode),1006
(require 'gnus-int),1001
(require 'browse-url),996
(require 'semantic/wisent),992
(require 'derived),988
(require 'ob-comint),960
(require 'tex),955
(require 'flymake),953
(require 'gnus-start),943
(require 'sendmail),940
(require 'nxml-util),938
(require 'shell),935
(require 'srecode),929
(require 'sb-rss),929
(require 'timer),926
(require 'expand-region-core),920
(require 'srecode/dictionary),912
(require 'ido),900
(require 'mail-parse),888
(require 'reftex),885
(require 'advice),871
(require 'macroexp),863
(require 'rmail),845
(require 'log-edit),845
(require 'semantic/tag),838
(require 'semantic/lex),836
(require 'mail-utils),836
(require 'xmltok),833
(require 'mh-scan),819
(require 'pp),806
(require 'time-date),799
(require 'semantic/find),789
(require 'newcomment),789
(require 'cider-interaction),770
(require 'eldoc),742
(require 'url-http),731
(require 'ediff-init),730
(require 'w3m),728
(require 'clojure-mode),728
(require 'gnus-group),725
(require 'esh-mode),725
(require 'rng-util),721
(require 'ede/pmake),720
(require 'server),714
(require 'ox-publish),714
(require 'org-exp),714
(require 'color-theme-tomorrow),713
(require 'cus-edit),712
(require 'ob-ref),701
(require 'ecb-layout),699
(require 'cider-compat),685
(require 'org-src),680
(require 'org-agenda),675
(require 'haskell-session),673
(require 'haskell-process),671
(require 'esh-opt),671
(require 'f),670
(require 'rx),666
(require 'yasnippet),662
(require 'cider-util),657
(require 'calc),656
(require 'semantic/db-find),649
(require 'ruby-mode),643
(require 'ede/proj),643
(require 'srecode/insert),640
(require 'pcvs-util),637
(require 'eudc),630
(require 'ecb-common-browser),627
(require 'seq),621
(require 'cl-generic),619
(require 'rfc2047),617
(require 'mmm-auto),613
(require 'auto-complete-config),613
(require 'grep),609
(require 'evil-common),605
(require 'org-table),604
(require 'flycheck),604
(require 'jabber-util),603
(require 'assoc),596
(require 'load-relative),594
(require 'mailcap),592
(require 'color-theme),588
(require 'regexp-opt),585
(require 'ox-html),585
(require 'dbus),583
(require 'gnus-msg),581
(require 'bytecomp),575
(require 'w3m-util),571
(require 'mouse),569
(require 'electric),569
(require 'lisp-mnt),564
(require 'gnus-win),564
(require 'semantic-lex),559
(require 'popup),558
(require 'smie),556
(require 'backquote),556
(require 'uniquify),552
(require 'mode-local),550
(require 'mmm-vars),542
(require 'ebnf-otz),540
(require 'pulse),536
(require 'info),528
(require 'mm-url),517
(require 'go-mode),517
(require 'semantic/symref),515
(require 'haskell-interactive-mode),515
(require 'haskell-font-lock),514
(require 'cus-face),511
(require 'eieio-opt),507
(require 'magit-core),496
(require 'nntp),492
(require 'semantic/bovine),490
(require 'inversion),488
(require 'fuel-base),486
(require 'erc-compat),485
(require 'data-debug),482
(require 'faces),481
(require 'smartparens),477
(require 'sb-mhonarc),475
(require 'gnus-spec),470
(require 'ob-table),464
(require 'ob-keys),463
(require 'semantic/senator),462
(require 'product),456
(require 'nxml-mode),456
(require 'viper-util),450
(require 'evil),450
(require 'multiple-cursors-core),449
(require 'ffap),447
(require 'ps-print),444
(require 'overlay),440
(require 'semantic-tag),436
(require 'nrepl-client),434
(require 'ob-exp),433
(require 'diff-mode),433
(require 'org-macro),430
(require 'auth-source),428
(require 'sasl),423
(require 'gmm-utils),422
(require 'executable),415
(require 'haskell-string),413
(require 'ediff-util),412
(require 'sha1),411
(require 'gud),409
(require 'ispell),408
(require 'latex),407
(require 'tree-widget),406
(require 'rng-loc),405
(require 'haskell-compat),405
(require 'evil-states),405
(require 'tempo),401
(require 'with-editor),400
(require 'texinfo),398
(require 'rect),397
(require 'geiser-base),397
(require 'magit-utils),396
(require 'magit-section),396
(require 'mml),393
(require 'jabber-iq),393
(require 'srecode/semantic),390
(require 'sgml-mode),388
(require 'syntax),386
(require 'org-element),386
(require 'cider-common),380
(require 'mm-bodies),377
(require 'ietf-drums),376
(require 'gnus-agent),376
(require 'haskell-utils),375
(require 'epa),375
(require 'vc),374
(require 'semantic-analyze),374
(require 'semanticdb),372
(require 'helm-types),372
(require 'mml-sec),371
(require 'gamegrid),371
(require 'vc-git),368
(require 'semantic/decorate),368
(require 'evil-ex),368
(require 'ecb-cedet-wrapper),366
(require 'gh-auth),365
(require 'gh-common),364
(require 'lisp-mode),362
(require 'ibuffer),361
(require 'ede/proj-obj),361
(require 'semantic/fw),359
(require 'semantic/dep),358
(require 'org-id),357
(require 'ede/autoconf-edit),356
(require 'semantic/idle),354
(require 'gnus-ems),354
(require 'slime-parse),352
(require 'ess-s-l),352
(require 'helm-grep),351
(require 'espuds),347
(require 'haskell-customize),345
(require 'magit-git),341
(require 'company-template),341
(require 'semantic-wisent),339
(require 'haskell-cabal),338
(require 'eieio-speedbar),337
(require 'term),335
(require 'saveplace),335
(require 'gh-api),335
(require 'viper-keym),334
(require 'epg),334
(require 'nxml-enc),332
(require 'mmm-compat),332
(require 'ecb-compilation),331
(require 'rng-dt),330
(require 'cedet),329
(require 'ox-latex),328
(require 'package-build),323
(require 'js2-mode),321
(require 'tex-site),318
(require 'pcase),312
(require 'fuel-eval),312
(require 'tex-buf),311
(require 'slime-repl),310
(require 'emms),310
(require 'rng-match),309
(require 'nxml-ns),309
(require 'bookmark),309
(require 'evil-core),308
(require 'vc-hooks),307
(require 'tree-buffer),306
(require 'tabulated-list),304
(require 'recentf),303
(require 'gnus-score),301
(require 'ecb-mode-line),300
(require 'ecb-face),300
(require 'init-frame-hooks),299
(require 'helm-elisp),299
(require 'init-git),298
(require 'helm-files),298
(require 'magit-diff),297
(require 'scheme),296
(require 'mm-encode),296
(require 'ox-ascii),295
(require 'ob-tangle),295
(require 'helm-config),290
(require 'evil-vars),289
(require 'debug),289
(require 'semantic/tag-ls),287
(require 'helm-plugin),287
(require 'sb-mailman),286
(require 'menu-bar),286
(require 'scroll-bar),285
(require 'frame),284
(require 'disp-table),284
(require 'url-handlers),282
(require 'mail-prsvr),282
(require 'tls),280
(require 'nnml),280
(require 'diary-lib),279
(require 'cookie1),277
(require 'async),277
(require 'semantic/sort),276
(require 'semantic/analyze/fcn),276
(require 'ecb-navigate),276
(require 'bbdb),276
(require 'srecode/table),275
(require 'org-list),275
(require 'ehelp),274
(require 'ein-core),272
(require 'ede/proj-comp),271
(require 'srecode/compile),270
(require 'cider-popup),270
(require 'helm-lib),269
(require 'jabber-core),268
(require 'helm-regexp),266
(require 'mu4e-vars),265
(require 'ede-proj),265
(require 'ede-pmake),265
(require 'semantic/grammar),264
(require 'semantic-ctxt),263
(require 'ede/make),263
(require 'semantic-fw),260
(require 'ezimage),259
(require 'dnd),258
(require 'autoload),257
(require 'semantic-format),256
(require 'view),254
(require 'srecode-insert),253
(require 'color),252
(require 'dired-aux),250
(require 'newst-reader),249
(require 'newst-backend),249
(require 'projectile),247
(require 'org-faces),247
(require 'use-package),245
(require 'cider-mode),245
(require 'hideshow),244
(require 'esh-arg),243
(require 'which-func),242
(require 'smerge-mode),242
(require 'bibtex),242
(require 'srecode-dictionary),241
(require 'org-footnote),241
(require 'ecb-speedbar),240
(require 'url-cache),239
(require 'dabbrev),237
(require 'cedet-files),236
(require 'geiser-custom),235
(require 'jabber-disco),234
(require 'picture),233
(require 'org-entities),233
(require 'ob-octave),233
(require 'ada-mode),233
(require 'ob-lob),232
(require 'help),231
(require 'dired-x),230
(require 'org-pcomplete),228
(require 'hmac-md5),228
(require 'evil-repeat),227
(require 'evil-types),225
(require 'evil-macros),225
(require 'evil-digraphs),225
(require 'ert-x),224
(require 'doc-view),224
(require 'url-cookie),223
(require 'ibuf-ext),223
(require 'semantic/java),221
(require 'guix-utils),219
(require 'geiser-eval),218
(require 'esh-cmd),218
(require 'esh-ext),217
(require 'semantic/analyze/refs),216
(require 'ess),216
(require 'url-gw),215
(require 'nxml-rap),214
(require 'crm),214
(require 'arc-mode),214
(require 'cedet-global),213
(require 'image),209
(require 'cider-eldoc),209
(require 'git-commit),208
(require 'evil-search),208
(require 'skewer-mode),207
(require 'rng-uri),206
(require 'rng-pttrn),206
(require 'nxml-parse),206
(require 'edebug),204
(require 'semantic/util),203
(require 'erc-networks),203
(require 'cider-repl),201
(require 'ledger-regex),200
(require 'parse-time),199
(require 'jabber-widget),199
(require 'cogre),199
(require 'mu4e-message),198
(require 'magit-mode),198
(require 'helm-info),198
(require 'helm-external),198
(require 'srecode/find),197
(require 'dash-functional),197
(require 'subr-x),196
(require 'jabber-alert),196
(require 'cider-doc),196
(require 'wisent),195
(require 'select),195
(require 'password-cache),195
(require 'jabber-xml),195
(require 'web-mode),194
(require 'pdf-util),193
(require 'mu4e-utils),193
(require 'ghc-func),193
(require 'fontset),193
(require 'epl),193
(require 'w3m-proc),192
(require 'rdebug-vars),192
(require 'rdebug-dbg),192
(require 'let-alist),192
(require 'autorevert),192
(require 'tool-bar),191
(require 'timezone),191
(require 'srecode/map),191
(require 'pgg),191
(require 'mu4e),191
(require 'mm-view),191
(require 'smime),190
(require 'rfc2231),190
(require 'goto-addr),190
(require 'find-file),190
(require 'ess-utils),190
(require 'bbdb-com),190
(require 'ediff),189
(require 'semantic/util-modes),188
(require 'nnmh),188
(require 'nndraft),188
(require 'korea-util),188
(require 'haskell-sort-imports),188
(require 'gnus-undo),188
(require 'smartparens-config),187
(require 'semantic/db-file),187
(require 'make-mode),187
(require 'srecode/ctxt),186
(require 'geiser nil t),186
(require 'working),185
(require 'test-simple),185
(require 'semantic-symref),185
(require 'mew),185
(require 'url-methods),184
(require 'url-file),184
(require 'semantic/doc),184
(require 'ldap),184
(require 'erc-match),184
(require 'ebnf2ps),184
(require 'dframe),184
(require 'testcover),183
(require 'sb-fml),182
(require 'pcvs-info),182
(require 'lao-util),182
(require 'init-org),182
(require 'inf-ruby),182
(require 'idlwave),182
(require 'viper-init),181
(require 'semantic/db-ref),181
(require 'sb-multi),181
(require 'geiser-syntax),181
